{
    "gd_office": "Office #9 Third Floor",
    "gd_street": "Street 25, SEC-I-10 4 I-10",
    "gd_city": "Islamabad",
    "gd_country": "Pakistan",
    "gd_postalCode": "44800",
    "gd_phone": "+92(307) 607-7533",
    "gd_email": "info@godesign.pk",
    "gd_website": "www.godesign.pk",
    "gd_accountName": "GODESIGN TECHNOLOGIES LLP",
    "gd_bankName": "FAYSAL BANK LIMITED",
    "gd_bankStreet": "H#373 ST. 25 SEC-I-10\/4",
    "gd_bankPostal": "44800",
    "gd_bankCity": "ISLAMABAD",
    "gd_bankCountry": "PAKISTAN",
    "gd_bankSwiftCode": "203420423",
    "gd_bankIBAN": "PK87FAYS0169007000009395",
    "gd_bankBranchCode": "90",
    "gd_bankAccountNumber": "2203523-35",
    "gd_registrationNo": "2342"
}